<phyloxml xmlns:xsi="http://www.w3.org/2001/XMLSchema-instance" xmlns="http://www.phyloxml.org" xsi:schemaLocation="http://www.phyloxml.org http://www.phyloxml.org/1.10/phyloxml.xsd">
  <phylogeny rooted="true">
    <clade>
      <name>Inner7</name>
      <branch_length>0</branch_length>
      <clade>
        <name>albumin [Hyaena hyaena]</name>
        <branch_length>0.07444938176197835</branch_length>
      </clade>
      <clade>
        <name>Inner6</name>
        <branch_length>0.0593279555785631</branch_length>
        <clade>
          <name>Inner5</name>
          <branch_length>0.013398468902868155</branch_length>
          <clade>
            <name>Inner4</name>
            <branch_length>0.005353984322950117</branch_length>
            <clade>
              <name>serum albumin [Piliocolobus tephrosceles]</name>
              <branch_length>0.009767441860465131</branch_length>
            </clade>
            <clade>
              <name>serum albumin [Rhinopithecus roxellana]</name>
              <branch_length>0.009767441860465131</branch_length>
            </clade>
          </clade>
          <clade>
            <name>serum albumin [Papio anubis]</name>
            <branch_length>0.015121426183415249</branch_length>
          </clade>
        </clade>
        <clade>
          <name>Inner3</name>
          <branch_length>0.021121382535927036</branch_length>
          <clade>
            <name>albumin precursor [Pongo abelii]</name>
            <branch_length>0.007398512550356368</branch_length>
          </clade>
          <clade>
            <name>Inner2</name>
            <branch_length>0.0017395978216742103</branch_length>
            <clade>
              <name>serum albumin [Gorilla gorilla gorilla]</name>
              <branch_length>0.005658914728682157</branch_length>
            </clade>
            <clade>
              <name>Inner1</name>
              <branch_length>0.0017829457364340884</branch_length>
              <clade>
                <name>serum albumin [Pan paniscus]</name>
                <branch_length>0.003875968992248069</branch_length>
              </clade>
              <clade>
                <name>albumin [Homo sapiens]</name>
                <branch_length>0.003875968992248069</branch_length>
              </clade>
            </clade>
          </clade>
        </clade>
      </clade>
    </clade>
  </phylogeny>
</phyloxml>