<phyloxml xmlns:xsi="http://www.w3.org/2001/XMLSchema-instance" xmlns="http://www.phyloxml.org" xsi:schemaLocation="http://www.phyloxml.org http://www.phyloxml.org/1.10/phyloxml.xsd">
  <phylogeny rooted="true">
    <clade>
      <name>Inner7</name>
      <branch_length>0</branch_length>
      <clade>
        <name>alpha-amylase 2B [Hyaena hyaena]</name>
        <branch_length>0.04470256951777543</branch_length>
      </clade>
      <clade>
        <name>Inner6</name>
        <branch_length>0.026435714593666726</branch_length>
        <clade>
          <name>Inner5</name>
          <branch_length>0.004881579020515253</branch_length>
          <clade>
            <name>alpha-amylase 1 [Papio anubis]</name>
            <branch_length>0.018266854924108705</branch_length>
          </clade>
          <clade>
            <name>Inner3</name>
            <branch_length>0.0064252147685767425</branch_length>
            <clade>
              <name>alpha-amylase 2B [Piliocolobus tephrosceles]</name>
              <branch_length>0.011841640155531963</branch_length>
            </clade>
            <clade>
              <name>alpha-amylase 2B [Rhinopithecus roxellana]</name>
              <branch_length>0.011841640155531963</branch_length>
            </clade>
          </clade>
        </clade>
        <clade>
          <name>Inner4</name>
          <branch_length>0.00633505366293384</branch_length>
          <clade>
            <name>alpha-amylase 1 [Pongo abelii]</name>
            <branch_length>0.01681338028169012</branch_length>
          </clade>
          <clade>
            <name>Inner2</name>
            <branch_length>0.009760043615048328</branch_length>
            <clade>
              <name>alpha-amylase 2B [Pan paniscus]</name>
              <branch_length>0.007053336666641791</branch_length>
            </clade>
            <clade>
              <name>Inner1</name>
              <branch_length>0.005995508739984529</branch_length>
              <clade>
                <name>alpha-amylase 2B [Gorilla gorilla gorilla]</name>
                <branch_length>0.001057827926657262</branch_length>
              </clade>
              <clade>
                <name>alpha-amylase [Homo sapiens]</name>
                <branch_length>0.001057827926657262</branch_length>
              </clade>
            </clade>
          </clade>
        </clade>
      </clade>
    </clade>
  </phylogeny>
</phyloxml>