<phyloxml xmlns:xsi="http://www.w3.org/2001/XMLSchema-instance" xmlns="http://www.phyloxml.org" xsi:schemaLocation="http://www.phyloxml.org http://www.phyloxml.org/1.10/phyloxml.xsd">
  <phylogeny rooted="true">
    <clade>
      <name>Inner7</name>
      <branch_length>0</branch_length>
      <clade>
        <name>Inner6</name>
        <branch_length>0.01267335577096404</branch_length>
        <clade>
          <name>hemoglobin subunit epsilon [Hyaena hyaena]</name>
          <branch_length>0.053315994798439514</branch_length>
        </clade>
        <clade>
          <name>hemoglobin subunit epsilon [Piliocolobus tephrosceles]</name>
          <branch_length>0.053315994798439514</branch_length>
        </clade>
      </clade>
      <clade>
        <name>Inner5</name>
        <branch_length>0.05785132973607021</branch_length>
        <clade>
          <name>Inner2</name>
          <branch_length>0.009772621873080194</branch_length>
          <clade>
            <name>hemoglobin subunit gamma [Pongo abelii]</name>
            <branch_length>0.002941176470588225</branch_length>
          </clade>
          <clade>
            <name>Inner1</name>
            <branch_length>0.002287581699346397</branch_length>
            <clade>
              <name>hemoglobin subunit gamma-like [Rhinopithecus roxellana]</name>
              <branch_length>0.0006535947712418277</branch_length>
            </clade>
            <clade>
              <name>hemoglobin subunit gamma [Papio anubis]</name>
              <branch_length>0.0006535947712418277</branch_length>
            </clade>
          </clade>
        </clade>
        <clade>
          <name>Inner4</name>
          <branch_length>0.004575777510335076</branch_length>
          <clade>
            <name>Inner3</name>
            <branch_length>0.0035688302328111543</branch_length>
            <clade>
              <name>hemoglobin subunit gamma-1 [Gorilla gorilla gorilla]</name>
              <branch_length>0.004569190600522188</branch_length>
            </clade>
            <clade>
              <name>hemoglobin subunit gamma-1 [Pan paniscus]</name>
              <branch_length>0.004569190600522188</branch_length>
            </clade>
          </clade>
          <clade>
            <name>G-gamma globin [Homo sapiens]</name>
            <branch_length>0.008138020833333343</branch_length>
          </clade>
        </clade>
      </clade>
    </clade>
  </phylogeny>
</phyloxml>