<phyloxml xmlns:xsi="http://www.w3.org/2001/XMLSchema-instance" xmlns="http://www.phyloxml.org" xsi:schemaLocation="http://www.phyloxml.org http://www.phyloxml.org/1.10/phyloxml.xsd">
  <phylogeny rooted="true">
    <clade>
      <name>Inner7</name>
      <branch_length>0</branch_length>
      <clade>
        <name>Inner6</name>
        <branch_length>0.012486892066124189</branch_length>
        <clade>
          <name>glycoprotein hormones alpha chain [Hyaena hyaena]</name>
          <branch_length>0.0837741775964575</branch_length>
        </clade>
        <clade>
          <name>Inner5</name>
          <branch_length>0.05798942423322881</branch_length>
          <clade>
            <name>Inner1</name>
            <branch_length>0.022047832585949195</branch_length>
            <clade>
              <name>glycoprotein hormones alpha chain [Rhinopithecus roxellana]</name>
              <branch_length>0.0037369207772794955</branch_length>
            </clade>
            <clade>
              <name>glycoprotein hormones alpha chain [Piliocolobus tephrosceles]</name>
              <branch_length>0.0037369207772794955</branch_length>
            </clade>
          </clade>
          <clade>
            <name>glycoprotein hormones alpha chain [Papio anubis]</name>
            <branch_length>0.02578475336322869</branch_length>
          </clade>
        </clade>
      </clade>
      <clade>
        <name>Inner4</name>
        <branch_length>0.07183351449209127</branch_length>
        <clade>
          <name>glycoprotein hormones alpha chain isoform X1 [Pongo abelii]</name>
          <branch_length>0.024427555170490417</branch_length>
        </clade>
        <clade>
          <name>Inner3</name>
          <branch_length>0.00929683149578292</branch_length>
          <clade>
            <name>Inner2</name>
            <branch_length>0.007378785690211359</branch_length>
            <clade>
              <name>glycoprotein hormones alpha chain [Gorilla gorilla gorilla]</name>
              <branch_length>0.007751937984496138</branch_length>
            </clade>
            <clade>
              <name>glycoprotein hormones alpha chain [Pan paniscus]</name>
              <branch_length>0.007751937984496138</branch_length>
            </clade>
          </clade>
          <clade>
            <name>glycoprotein hormones alpha chain isoform 2 precursor [Homo sapiens]</name>
            <branch_length>0.015130723674707497</branch_length>
          </clade>
        </clade>
      </clade>
    </clade>
  </phylogeny>
</phyloxml>