<phyloxml xmlns:xsi="http://www.w3.org/2001/XMLSchema-instance" xmlns="http://www.phyloxml.org" xsi:schemaLocation="http://www.phyloxml.org http://www.phyloxml.org/1.10/phyloxml.xsd">
  <phylogeny rooted="true">
    <clade>
      <name>Inner7</name>
      <branch_length>0</branch_length>
      <clade>
        <name>NAD-dependent protein deacetylase sirtuin-1 isoform X1 [Hyaena hyaena]</name>
        <branch_length>0.03819805465218203</branch_length>
      </clade>
      <clade>
        <name>Inner6</name>
        <branch_length>0.030912778578562415</branch_length>
        <clade>
          <name>Inner5</name>
          <branch_length>0.00434959634066525</branch_length>
          <clade>
            <name>NAD-dependent protein deacetylase sirtuin-1 isoform X1 [Piliocolobus tephrosceles]</name>
            <branch_length>0.0037065439672801515</branch_length>
          </clade>
          <clade>
            <name>Inner3</name>
            <branch_length>0.003578732106339466</branch_length>
            <clade>
              <name>NAD-dependent protein deacetylase sirtuin-1 isoform X1 [Rhinopithecus roxellana]</name>
              <branch_length>0.0037065439672801515</branch_length>
            </clade>
            <clade>
              <name>NAD-dependent protein deacetylase sirtuin-1 isoform X1 [Papio anubis]</name>
              <branch_length>0.007285276073619618</branch_length>
            </clade>
          </clade>
        </clade>
        <clade>
          <name>Inner4</name>
          <branch_length>0.006727344755709928</branch_length>
          <clade>
            <name>NAD-dependent protein deacetylase sirtuin-1 isoform X1 [Pongo abelii]</name>
            <branch_length>0.0049075276585749394</branch_length>
          </clade>
          <clade>
            <name>Inner2</name>
            <branch_length>0.0019868889232281806</branch_length>
            <clade>
              <name>NAD-dependent protein deacetylase sirtuin-1 isoform a [Homo sapiens]</name>
              <branch_length>0.0015263291783261246</branch_length>
            </clade>
            <clade>
              <name>Inner1</name>
              <branch_length>0.0013943095570206343</branch_length>
              <clade>
                <name>NAD-dependent protein deacetylase sirtuin-1 isoform X1 [Gorilla gorilla gorilla]</name>
                <branch_length>0.0015263291783261246</branch_length>
              </clade>
              <clade>
                <name>NAD-dependent protein deacetylase sirtuin-1 isoform X1 [Pan paniscus]</name>
                <branch_length>0.002920638735346759</branch_length>
              </clade>
            </clade>
          </clade>
        </clade>
      </clade>
    </clade>
  </phylogeny>
</phyloxml>