<phyloxml xmlns:xsi="http://www.w3.org/2001/XMLSchema-instance" xmlns="http://www.phyloxml.org" xsi:schemaLocation="http://www.phyloxml.org http://www.phyloxml.org/1.10/phyloxml.xsd">
  <phylogeny rooted="true">
    <clade>
      <name>Inner7</name>
      <branch_length>0</branch_length>
      <clade>
        <name>zona pellucida sperm-binding protein 2 isoform X1 [Hyaena hyaena]</name>
        <branch_length>0.15422418355709017</branch_length>
      </clade>
      <clade>
        <name>Inner6</name>
        <branch_length>0.1406016761924528</branch_length>
        <clade>
          <name>Inner5</name>
          <branch_length>0.015126307023835741</branch_length>
          <clade>
            <name>zona pellucida sperm-binding protein 2 [Papio anubis]</name>
            <branch_length>0.013622507364637354</branch_length>
          </clade>
          <clade>
            <name>Inner3</name>
            <branch_length>0.00779824805848392</branch_length>
            <clade>
              <name>zona pellucida sperm-binding protein 2 isoform X1 [Rhinopithecus roxellana]</name>
              <branch_length>0.005824259306153434</branch_length>
            </clade>
            <clade>
              <name>zona pellucida sperm-binding protein 2 [Piliocolobus tephrosceles]</name>
              <branch_length>0.005824259306153434</branch_length>
            </clade>
          </clade>
        </clade>
        <clade>
          <name>Inner4</name>
          <branch_length>0.01841493497561759</branch_length>
          <clade>
            <name>zona pellucida sperm-binding protein 2 isoform X1 [Pongo abelii]</name>
            <branch_length>0.010333879412855504</branch_length>
          </clade>
          <clade>
            <name>Inner2</name>
            <branch_length>0.004739329141318485</branch_length>
            <clade>
              <name>ZP2 protein [Homo sapiens]</name>
              <branch_length>0.0032100667693887863</branch_length>
            </clade>
            <clade>
              <name>Inner1</name>
              <branch_length>0.0023844835021482325</branch_length>
              <clade>
                <name>zona pellucida sperm-binding protein 2 isoform X1 [Pan paniscus]</name>
                <branch_length>0.0032100667693887863</branch_length>
              </clade>
              <clade>
                <name>zona pellucida sperm-binding protein 2 isoform X1 [Gorilla gorilla gorilla]</name>
                <branch_length>0.005594550271537019</branch_length>
              </clade>
            </clade>
          </clade>
        </clade>
      </clade>
    </clade>
  </phylogeny>
</phyloxml>